Key,1,2,3,4,5,6,7,8,9,10,11,12,13,14,15,16,17,18,19,20
UG,0.000000,0.000000,0.000000,0.000000,0.000000,0.000000,0.000000,0.000000,0.000000,0.000000,-0.810930,-0.587787,0.200671,0.000000,-0.523248,-0.057158,0.367725,-0.492476,0.000000,0.185403
GG,0.000000,0.000000,0.000000,0.000000,0.000000,0.000000,0.000000,0.000000,0.000000,0.000000,0.000000,0.000000,0.000000,0.000000,0.000000,-0.587787,-0.856051,0.000000,0.000000,-0.345225
AC,0.000000,0.000000,0.000000,0.000000,0.000000,0.000000,0.000000,0.000000,-1.939395,0.000000,-1.246248,0.000000,-0.234647,0.000000,0.833193,-0.492476,0.625554,-0.234647,-0.329958,0.155550
CC,0.000000,0.000000,0.000000,0.000000,0.000000,0.000000,0.000000,0.000000,0.000000,0.000000,0.000000,-0.530628,0.257829,0.000000,-0.060625,0.000000,-0.673729,0.000000,-0.530628,-0.268264
AU,0.000000,0.000000,0.000000,0.000000,0.000000,0.000000,0.000000,0.000000,0.000000,0.000000,-1.005086,0.000000,0.000000,-1.475090,0.381208,0.000000,-0.519578,0.006515,-0.781943,-0.008753
AA,0.000000,0.000000,0.000000,0.000000,0.000000,0.000000,0.000000,0.000000,0.000000,0.000000,0.000000,0.000000,-0.840783,0.000000,0.000000,-0.405465,0.000000,0.000000,0.000000,-0.450586
AG,0.000000,0.000000,0.000000,0.000000,0.000000,0.000000,0.000000,0.000000,0.000000,0.000000,0.000000,0.000000,0.000000,-0.936093,-0.871555,0.000000,0.000000,-1.246248,0.000000,0.019418
CG,0.000000,0.000000,0.000000,0.000000,0.000000,0.000000,0.000000,0.000000,0.000000,0.000000,0.000000,0.000000,-0.147636,-0.936093,-0.466090,0.287682,0.019418,0.545511,0.000000,-0.075892
UC,0.000000,0.000000,0.000000,0.000000,0.000000,0.000000,0.000000,0.000000,0.000000,0.000000,0.000000,-1.261516,-0.067593,0.000000,0.307100,-0.548566,0.099461,0.625554,-0.856051,0.204821
UU,0.000000,0.000000,0.000000,0.000000,0.000000,0.000000,0.000000,0.000000,0.000000,0.000000,0.000000,0.000000,-1.128465,0.000000,0.000000,-0.693147,-0.268264,-0.435318,0.000000,0.242562
